name,email,password
Christina Brok,cbrok0@purevolume.com,39lD97IW6S
Radcliffe Cazereau,rcazereau1@sina.com.cn,CN4AIBB
Ferne Mellhuish,fmellhuish2@sina.com.cn,Inxc2ObkW
Heath Gillaspy,hgillaspy3@disqus.com,Nw5Hi8kSfRA
Joachim Bugbird,jbugbird4@weather.com,FCqb0a44g
Kent Yeates,kyeates5@altervista.org,Wu3ug6QvA
Cathy Denge,cdenge6@senate.gov,Os8shrJRyg
Lilas Coucher,lcoucher7@skype.com,ZGqbNXFvQt82
Debi Dougan,ddougan8@topsy.com,pHbGmUq0
Gabie Gaveltone,ggaveltone9@reference.com,M5tjZ6
Roth Dunbar,rdunbara@about.com,mgmQxXHZf
Carolan Macklam,cmacklamb@about.me,lpyHOxk
Waylen Janssens,wjanssensc@vk.com,oPX12jHu
Addy Hudd,ahuddd@phpbb.com,ALnk3CY
Leighton Djorvic,ldjorvice@barnesandnoble.com,Rjttp3HSIL69
Kenny Manlow,kmanlowf@disqus.com,IlICg2G
Jere Barents,jbarentsg@infoseek.co.jp,62QeeL
Flss Hatherleigh,fhatherleighh@nhs.uk,LQfns9
Pren Baton,pbatoni@ustream.tv,bVdBmEV6Hmp
Amy Meeus,ameeusj@vinaora.com,vWddC1o75
Chrystal Southernwood,csouthernwoodk@gravatar.com,zz24AVjjUF8
Robinet Hardwicke,rhardwickel@google.it,KE7Fe0
Darcee Arnoult,darnoultm@state.tx.us,f0xwyeecx
Alisha Garci,agarcin@google.com.hk,pgO3FU
Sara Hansill,shansillo@miibeian.gov.cn,6zraYB44g
Niel Dobsons,ndobsonsp@shinystat.com,Coq124VNT
Lena O'Cullinane,locullinaneq@vinaora.com,TpZAJUhws
Ethelind Mathivon,emathivonr@hostgator.com,SBjDokUID2EF
Garvy Turnpenny,gturnpennys@china.com.cn,Ic5kNrP
Taryn Barbe,tbarbet@wired.com,dggJM1zc1
Marys Rebanks,mrebanksu@tamu.edu,P7hSFn0r6x
Carly Stopper,cstopperv@goo.gl,jjdAH0D
Ingunna Gilcrist,igilcristw@storify.com,QCSQQcsFJ9Sj
Geoffrey Kemson,gkemsonx@so-net.ne.jp,PVjOyzm
Oliy Bartkiewicz,obartkiewiczy@infoseek.co.jp,wj6YU56anEg
Rubie Aistrop,raistropz@cisco.com,r0EKXMURTpi0
Sabrina Deniset,sdeniset10@harvard.edu,NwMWYf8Ab7
Arnoldo Triplet,atriplet11@wix.com,lmvVzmGQ6F
Jenine Denne,jdenne12@economist.com,dwGkI2eqEUts
Carolyn Muggleton,cmuggleton13@istockphoto.com,TJn1WZcs2U
Wake Owthwaite,wowthwaite14@mit.edu,qIskfLzswMyF
Margalo Pea,mpea15@irs.gov,xHqV2d
Barbe O'Hannay,bohannay16@disqus.com,7iunGzmy
Blakelee Keming,bkeming17@alexa.com,GU2fOu1e
Pattie Hellmore,phellmore18@weebly.com,EWOqCIu1Qe
Sully Dochon,sdochon19@guardian.co.uk,ieFUUA
Izabel Brealey,ibrealey1a@google.cn,KOuGpeidx
Ellwood Kennedy,ekennedy1b@dropbox.com,yL9YFXx
Isabelle Sworn,isworn1c@dedecms.com,sIgAERk3afs
Rhea Meiner,rmeiner1d@noaa.gov,8RE4O8X3CC
Dagny Dorkin,ddorkin1e@drupal.org,DuQFKx
Feodor Bonnor,fbonnor1f@tripod.com,jpbZKXX9
Nevin Marran,nmarran1g@statcounter.com,bqORd4L6
Quill Thebe,qthebe1h@theguardian.com,QrBURpIRce
Lenora Shirtcliffe,lshirtcliffe1i@goo.gl,hPukiJo
Donny Sier,dsier1j@shutterfly.com,WyB2jo
Lelia Colquitt,lcolquitt1k@phoca.cz,yHnoXHybNbN
Charleen Chittie,cchittie1l@hubpages.com,5IIOFICAB5C
Craig Jaqueminet,cjaqueminet1m@over-blog.com,X88BMuVM
Celia Copnall,ccopnall1n@liveinternet.ru,8c6XU6n
Rusty Joul,rjoul1o@hostgator.com,krQYsYL7v3S
Cacilia Beagley,cbeagley1p@aol.com,18Y1Jen6RX
Neddy Stevings,nstevings1q@ameblo.jp,R5mlNm1E
Wiatt Symper,wsymper1r@time.com,tjzUE5
Geoffry Revelle,grevelle1s@tuttocitta.it,c4V6bPnBmQ
Alicea Gove,agove1t@dagondesign.com,cQGMdsbEFoH
Emelyne Fanshaw,efanshaw1u@icq.com,oTT98RkC
Peggie Elsey,pelsey1v@webs.com,moxbdAKlhx
Reinwald Ranald,rranald1w@mail.ru,WpqEMLl
Diarmid Basindale,dbasindale1x@pbs.org,iMDpSc3zVN
Norby Eve,neve1y@opera.com,YMtGYChA
Deborah Radborne,dradborne1z@noaa.gov,gxGQsH0PVq2p
Ferdinand O'Lunney,folunney20@tinyurl.com,BcTwKgS5Ex
Nonie Craigg,ncraigg21@netvibes.com,DlfdQpdr
Yul Bonner,ybonner22@mozilla.org,aQyTnz
Caritta Dymock,cdymock23@php.net,btOZmhoK
Norry Rumbellow,nrumbellow24@geocities.jp,6b4zbSEppzh
Ryann Richie,rrichie25@yahoo.com,7pbPkj2rR
Blondy Hentzer,bhentzer26@ow.ly,44XjxHpNlQg
Pattie Lippiett,plippiett27@eventbrite.com,dOlrTPQ
Fleur Reede,freede28@bloglovin.com,MpvECzoAg
Pren Larive,plarive29@github.com,efKagZS5
My Sarginson,msarginson2a@tinyurl.com,3wFlIQ
Sharlene Stembridge,sstembridge2b@columbia.edu,TG8M0s
Dorothy Ozelton,dozelton2c@cyberchimps.com,zbkt7FnVVVD
Giusto Brittlebank,gbrittlebank2d@cbc.ca,Y3oKpaNVf
Jody Cleaver,jcleaver2e@ow.ly,az0SPswH0N
Olivie Dundendale,odundendale2f@aol.com,WuMbl22wdq
Efren Erswell,eerswell2g@bizjournals.com,KTZb3ThRXgV
Ki Arkow,karkow2h@symantec.com,PZJXlO69WbY9
Charleen Gallaher,cgallaher2i@washingtonpost.com,jjoadoZoiY
Cymbre Kingaby,ckingaby2j@craigslist.org,aHuKGWEEvY6
Chaunce Lezemore,clezemore2k@dyndns.org,n5zU8L3p
Caresa Durran,cdurran2l@godaddy.com,GJs8Iv1d4Em
Fonz Yablsley,fyablsley2m@jiathis.com,dBxFkB9NoOe
Bennett Schrieves,bschrieves2n@marketwatch.com,a0abwm
Berky Bernardes,bbernardes2o@bloomberg.com,ezgBtt6X
Gilberto Beniesh,gbeniesh2p@msu.edu,qGYGEoe7D9
Vinson Gumn,vgumn2q@ustream.tv,RM2X7XTB
Aloisia Tarbett,atarbett2r@ox.ac.uk,xkwOhpp3qKC
Lu Hirtzmann,lhirtzmann2s@elegantthemes.com,o1KJv77W
Demetra Climar,dclimar2t@princeton.edu,w8spw7SMi3lk
Andres Olley,aolley2u@weebly.com,5pTXrVC
Moishe Pitbladdo,mpitbladdo2v@google.nl,HBddBiCM6JYw
Albie Rosencwaig,arosencwaig2w@e-recht24.de,nBLa53R
Arley Bumpass,abumpass2x@joomla.org,fEWIjux0NM
Verile Tallow,vtallow2y@latimes.com,S6epSzVEk6f
Kynthia Crumly,kcrumly2z@nasa.gov,6vccGI
Rosetta Palumbo,rpalumbo30@w3.org,iJ1jmD
Dunc Kippins,dkippins31@usda.gov,v8b1omWZcw
Selestina Mulhall,smulhall32@hatena.ne.jp,d9KIbluF2Nb
Beverie Branscomb,bbranscomb33@trellian.com,7Ut2QK41Riq
Diana Spain,dspain34@networksolutions.com,rjRM74rcGrz7
Cherye Barrows,cbarrows35@hhs.gov,i2eoWNORtkB
Kass Vigers,kvigers36@earthlink.net,guHUDWSGHBXC
Pall Jacobovitz,pjacobovitz37@google.es,pv6t7E4C
Aldric Dolden,adolden38@elpais.com,Ggz0nIgdM7ii
Sindee Gorhardt,sgorhardt39@miitbeian.gov.cn,sJs2nKuHPrCo
Kittie Brimilcome,kbrimilcome3a@trellian.com,ViRH6H2EoI45
Alberta Girling,agirling3b@wikipedia.org,tmfllYv
Marybeth Elsey,melsey3c@google.co.jp,jX3Af6
Marchelle Odo,modo3d@sciencedaily.com,cgnu5URIvC
Willette Rase,wrase3e@walmart.com,ddr6KiSMZbEC
Alfreda Manoelli,amanoelli3f@eventbrite.com,l2MOge8
Harriett Boliver,hboliver3g@time.com,Zr0Jq8HfRmu
Franky Sangwine,fsangwine3h@exblog.jp,4jbpiHeLEdp
Bail Dymott,bdymott3i@yolasite.com,FiHdWhZ4
Bradford Aronstam,baronstam3j@ameblo.jp,rmJ43KyBD
Michaelina Fawdrie,mfawdrie3k@blogtalkradio.com,Ec2fGEPop
Mord Zuanazzi,mzuanazzi3l@baidu.com,3Krm1gKyA
Alaric Ambroisin,aambroisin3m@netlog.com,HmSHUEzvI
Tabbatha Boards,tboards3n@amazon.de,ojLGoNu0H
Lowrance D'Onise,ldonise3o@ocn.ne.jp,eGp9GtVMT
Baxie Catterick,bcatterick3p@yelp.com,g4qrewGfoaVG
Helenka McKennan,hmckennan3q@soundcloud.com,BK8i3jfrh
Cecilius Stockle,cstockle3r@woothemes.com,DNwdaI5Lfz
Carter Inglesant,cinglesant3s@shop-pro.jp,cGmxbBItfH3E
Towney Opdenort,topdenort3t@rakuten.co.jp,gP5mifnx7HsD
Abra Vescovini,avescovini3u@slate.com,sfOWQqOCF82m
Evey Wintle,ewintle3v@tinyurl.com,4feag9Qx5w
Maurise Arangy,marangy3w@devhub.com,ccQiNt
Mayne Agutter,magutter3x@comsenz.com,Q1l0ma
Nadia Sustin,nsustin3y@dagondesign.com,BYIvyZU
Jerry Smewin,jsmewin3z@shareasale.com,1DB53qLdG
Chrissy Jaulmes,cjaulmes40@businessweek.com,iqWXOomVutX
Edy Garfoot,egarfoot41@usgs.gov,d3CzHPzNT
Audy Budnk,abudnk42@pagesperso-orange.fr,NEu6UpLkPX
Rockwell Mannin,rmannin43@abc.net.au,i86JZcDb8
Parke Kolushev,pkolushev44@theglobeandmail.com,7SYp8HmJ8
Simmonds McGenis,smcgenis45@ustream.tv,x83yqDeRx4K
Sorcha Hunnam,shunnam46@hugedomains.com,KUqd7oJPqOF
Jeffie Dorn,jdorn47@macromedia.com,ulSBursiZEi
Hermie Duckerin,hduckerin48@walmart.com,CO0rrqNG5
Rayner Belasco,rbelasco49@xrea.com,dM5dOyLNNI6l
Brannon Leggon,bleggon4a@discuz.net,gQl8GqYy
Livvyy Ruberti,lruberti4b@scientificamerican.com,IhFuFrx9f
Phelia Bernhard,pbernhard4c@symantec.com,KpZo5b3
Anton Lethebridge,alethebridge4d@paypal.com,AvJVhACb
Bev Cano,bcano4e@nsw.gov.au,CjR9L0b5
Harcourt Jasiak,hjasiak4f@skyrock.com,8kZz2XvJb0U
Carilyn Caldeiro,ccaldeiro4g@eepurl.com,OJs1kApckXVW
Valma Dedon,vdedon4h@house.gov,SxNH21qQV
Elsy Matyja,ematyja4i@dedecms.com,IzB94S
Fonzie Olliar,folliar4j@list-manage.com,i0DzTx40h4w
Cullen Spieck,cspieck4k@google.fr,373l88Yc3js
Cicily Tomaskov,ctomaskov4l@ning.com,pFSNgwmo9o
Isobel Tregaskis,itregaskis4m@merriam-webster.com,njDLEHwW
Humphrey Cromarty,hcromarty4n@wikimedia.org,DMKTW0MMEzei
Bernie Grahl,bgrahl4o@g.co,UXE3gw
Elwyn MacArthur,emacarthur4p@springer.com,sogaV9Nbpv
Alyss Porker,aporker4q@vinaora.com,wqYhZEo
Brewster Yuranovev,byuranovev4r@disqus.com,7QhYoHli9cDY
Hube Ashborne,hashborne4s@yellowbook.com,okX7t3
Polly Handling,phandling4t@mail.ru,of2GPs
Delila Curnnok,dcurnnok4u@answers.com,q1fjM5T
Lorri Keep,lkeep4v@multiply.com,eY23sxES
Evered Dane,edane4w@ask.com,1A1Vo2OVg
Lea Osmar,losmar4x@fda.gov,iFwnRnWW
Tabby Whatley,twhatley4y@unblog.fr,5o0fb9GlybRA
Aleda Spur,aspur4z@bbc.co.uk,gEFpZgw2bJ
Sharl Fairhead,sfairhead50@mac.com,4TAkIPem6G7
Nilson Plinck,nplinck51@google.fr,ASWypSOFymIL
Mandy Bolam,mbolam52@studiopress.com,40pj2RG282
Magdalen Baumadier,mbaumadier53@arstechnica.com,LrpnZS
Merrili McKelloch,mmckelloch54@yellowbook.com,DLqor0f85xfd
Avis Aubury,aaubury55@phpbb.com,0581tTyy61
Molli Facer,mfacer56@sbwire.com,60yG1X75EW
Ferrel Huton,fhuton57@mail.ru,JQunygn
Betta Dredge,bdredge58@weebly.com,TfyYAMAYYfG5
Correy Greenroa,cgreenroa59@blog.com,b0BJFGkfvR
Gaynor Meegan,gmeegan5a@whitehouse.gov,J9s3CMUp2Cl
Franny Di Pietro,fdi5b@icq.com,2erSwLwoQ
Danyelle Verissimo,dverissimo5c@miibeian.gov.cn,hK6yIU4NHn5E
Germana Fritzer,gfritzer5d@gravatar.com,RONS7pivzF2q
Amos Domerq,adomerq5e@redcross.org,TvCM6OkEF
Mei Dimond,mdimond5f@spotify.com,kyKLALZ
Hogan Ickovits,hickovits5g@hc360.com,bO5GVGAL
Laurice Gonnard,lgonnard5h@miibeian.gov.cn,EowBkVp
Conchita Whillock,cwhillock5i@eventbrite.com,6dn7DDX
Elizabeth Maddrah,emaddrah5j@wisc.edu,jGPruGNib0
Tanny Felderer,tfelderer5k@mac.com,yE4UCs1azb
Rahal Chapell,rchapell5l@buzzfeed.com,5tZDjYghPpm
Fanchette Pentland,fpentland5m@diigo.com,mT5eg0jjS2A
Addy Hub,ahub5n@simplemachines.org,48rtOi4e
Gail Charnley,gcharnley5o@dropbox.com,P4iGqErE
Corinne Varndell,cvarndell5p@mail.ru,PEvrJbb1LB
Chen Damp,cdamp5q@paginegialle.it,PZ97eKR
Kip Kerridge,kkerridge5r@feedburner.com,rdLznLVf
Barnabas Dufty,bdufty5s@bing.com,LmEqP4Gtf
Farah Fomichyov,ffomichyov5t@friendfeed.com,sVk2E2D
Chuck Antat,cantat5u@fema.gov,VglFU7
Olag Freen,ofreen5v@cnet.com,QNyGEpvR
Bathsheba Martel,bmartel5w@si.edu,csHkvQ7
Cam Cleare,ccleare5x@huffingtonpost.com,gEJK6PcusBp
Yvor Brownfield,ybrownfield5y@prnewswire.com,gNjKnA7ip
Gasparo Harlett,gharlett5z@lulu.com,1mhwz0c8To
Dacie MacAne,dmacane60@aol.com,5xM9lF51r
Zebulon Vlahos,zvlahos61@typepad.com,xiRpGONTTFP
Janet Ashbrook,jashbrook62@sourceforge.net,p6unAaLTRlY
Glynn Fergusson,gfergusson63@skyrock.com,Vr31X5
Myrah Ravilus,mravilus64@arstechnica.com,c4Rk7SYM
Eli Depport,edepport65@upenn.edu,EgcYwi8K
Susanna Conahy,sconahy66@fotki.com,DfzMcYl
Cob Pearman,cpearman67@sciencedaily.com,CVcSXXls
Teresita Vicar,tvicar68@multiply.com,Eceltm
Viole Melarkey,vmelarkey69@psu.edu,fHrCjgkPX7
Ikey Dwine,idwine6a@squidoo.com,PY4HIx
Elvis Cappell,ecappell6b@fema.gov,6a8HrXiHz
Gisella Seleway,gseleway6c@shinystat.com,wpQZ9wo
Cherey Kleinhaus,ckleinhaus6d@chicagotribune.com,h8MTIh0bsGI4
Darcie Abramowitz,dabramowitz6e@phoca.cz,zI1eba
Franklyn Sneyd,fsneyd6f@latimes.com,ayMIO3p
Cleo Hamblyn,chamblyn6g@goodreads.com,hwJSemmtK
Olly Flemyng,oflemyng6h@hp.com,Lw6xkN
Merola Edgeller,medgeller6i@wunderground.com,Fz9ZH8n
Tracie Pattington,tpattington6j@purevolume.com,5ejH2RQsE
Baudoin Leyburn,bleyburn6k@amazon.co.uk,VIg2VWKLad
Marylynne Hoolaghan,mhoolaghan6l@intel.com,4nXDGa79
Onfroi Montford,omontford6m@delicious.com,ZyCNPTjPABZ
Susanna Ledwith,sledwith6n@bloomberg.com,GkaBu6
Dodie Fontenot,dfontenot6o@nyu.edu,KkTqY560uz0
Dolorita McDermott-Row,dmcdermottrow6p@about.me,tAFKgFB
Court Klemt,cklemt6q@about.me,76oWOZ83tEZR
Brok Fennelow,bfennelow6r@google.pl,QsHbgZm1P
Kim Clemoes,kclemoes6s@google.es,Mj7r499RYoX
Hewitt Hedlestone,hhedlestone6t@skyrock.com,VT7qQcn
Augie Arrundale,aarrundale6u@drupal.org,TTJLAlcrde
Bryce Danilchenko,bdanilchenko6v@cyberchimps.com,GCs5VidVftx
Kerry Abbado,kabbado6w@craigslist.org,0BGbFR4z2VK
Bessy Wallbridge,bwallbridge6x@craigslist.org,RJawI4h
Luelle Frenzl,lfrenzl6y@creativecommons.org,Hj8adAer
Livia Labadini,llabadini6z@diigo.com,sjrCiQ
Jock Cowlishaw,jcowlishaw70@squarespace.com,vW1ab420
Ardis Cottingham,acottingham71@storify.com,PagI01XqmNyz
Serene Nary,snary72@vimeo.com,PYoTkgePRLy
Florella McSpirron,fmcspirron73@cisco.com,O6Zj8GNligjY
Blaine Shambrook,bshambrook74@purevolume.com,JDEb0ZTTOja
Karolina Biaggiotti,kbiaggiotti75@un.org,onLb7LUR6
Lamond Peachey,lpeachey76@tinypic.com,4dl8Jbo
Chloette de Wilde,cde77@about.me,94bSTtYYjiEb
Fin Francescotti,ffrancescotti78@jiathis.com,XUJ87k9rU1uF
Terrance Renehan,trenehan79@aboutads.info,oxvxyPv
Kaine Braga,kbraga7a@java.com,z5AyKQ2Q
Lucia Yancey,lyancey7b@weebly.com,vQHR76cAaex
Brynna Aspey,baspey7c@symantec.com,gdpCz0
Guthrie Blackborne,gblackborne7d@hibu.com,8iZ4e6622
Sterling Krause,skrause7e@elpais.com,H1ms8byJCR
Chelsea Eger,ceger7f@reference.com,y1c9MC
Talia Mapowder,tmapowder7g@wsj.com,7z9BS2i
Ashby Ive,aive7h@eepurl.com,CGAfPr
Cammy Hollow,chollow7i@nationalgeographic.com,was7Cfy0E
Eda Darwood,edarwood7j@people.com.cn,6QwGk9LJ
Gelya Real,greal7k@purevolume.com,anu11KntTu
Paul Hewell,phewell7l@bing.com,ApEFOwQKImc
Lanette Wren,lwren7m@whitehouse.gov,uoiDgliXtT
Itch Fowlston,ifowlston7n@oracle.com,w7cj2Pdf
Mia Dounbare,mdounbare7o@google.com.hk,PBl6cpubm
Emanuel O'Loghlen,eologhlen7p@pen.io,zz0YdK8
Vernor McGrouther,vmcgrouther7q@umn.edu,v1koJyY4d
Carter Carefull,ccarefull7r@hc360.com,fbljmmwK
Mathe Smithin,msmithin7s@tripod.com,1Tie52L
Carmencita Winfield,cwinfield7t@meetup.com,hkZf2aDg6UD
Eliza Foort,efoort7u@zdnet.com,OqXjEelY2f
Gerta Deavall,gdeavall7v@rakuten.co.jp,oiOcsBHxdl2b
Tiler Attwood,tattwood7w@pinterest.com,d08zwiMj
Vladamir McAlister,vmcalister7x@istockphoto.com,mkG7ld
Marlin Iveson,miveson7y@booking.com,wpzZxJrVSRi
Ezekiel Prudence,eprudence7z@theatlantic.com,pITGSF
Alexander Klambt,aklambt80@digg.com,Ild710ifUAH
Helga Swinley,hswinley81@unesco.org,lfYaD9yNbn0
Stoddard Critcher,scritcher82@salon.com,PClPkB9AX
Rhody Hucke,rhucke83@csmonitor.com,xlCACo
Natividad Cockayme,ncockayme84@biblegateway.com,PvYUOc
Hew Lever,hlever85@ezinearticles.com,t1z3iZSIh5B
Drucy Stearne,dstearne86@ibm.com,65NnCuJAi
Dyane Hook,dhook87@nasa.gov,JDfxAQ0Z
Karlee Clemett,kclemett88@nih.gov,BixbDTL0iSx
Viviene Oulner,voulner89@tmall.com,Pj5iC7n
Coriss Briscam,cbriscam8a@techcrunch.com,R4CyVPtjq
Dev Lawey,dlawey8b@bizjournals.com,FgqmrTduJv4
Anthony Synan,asynan8c@sogou.com,wjIa4Z
Donni Corrigan,dcorrigan8d@washingtonpost.com,RY7arpk
Carl Branca,cbranca8e@i2i.jp,U0OAxX46U
Godfree Bagot,gbagot8f@microsoft.com,KF9bbJM
Porty Benkin,pbenkin8g@statcounter.com,8R80mnvGJ
Theda Gillean,tgillean8h@chron.com,7XLPpOorUg
Cristobal Winterbourne,cwinterbourne8i@blogspot.com,28znLlBFK0g
Estell Wilshin,ewilshin8j@mediafire.com,T5pvi0JRwxe0
Vassili Easen,veasen8k@google.com,V5LytR16VOWt
Tedmund Blease,tblease8l@thetimes.co.uk,udrdcT2M4wmc
Dorice Trewartha,dtrewartha8m@usgs.gov,KOCyNe
Tally Haugh,thaugh8n@yale.edu,vrAxHcVTbIS
Arvin Brotherick,abrotherick8o@ucsd.edu,PFUyEunSDn9
Erasmus Edlington,eedlington8p@artisteer.com,Z5dMcv6JxpW
Lulu Leibold,lleibold8q@bravesites.com,mrOLHOCN
Bea Ambrogelli,bambrogelli8r@yellowpages.com,NiNiPpk1z
Jefferson McChesney,jmcchesney8s@behance.net,YEp5YNRhZi
Ermanno Crowhurst,ecrowhurst8t@whitehouse.gov,YbjGQFt3g
Gavrielle Bertram,gbertram8u@va.gov,EGt5bu
Darryl Willshire,dwillshire8v@pagesperso-orange.fr,NKjoZeUjqO7
Rodie Parfitt,rparfitt8w@vk.com,30DpTGn1tl3
Victoria Pumfrett,vpumfrett8x@google.it,3nm5V3ja
Aristotle Littlefair,alittlefair8y@purevolume.com,yNAwv9lqx9y
Diane Andrault,dandrault8z@cdc.gov,JqrIUKAl3XUR
Iggie Boykett,iboykett90@people.com.cn,Ot8EMHSN68C
Alvy Fessler,afessler91@1und1.de,OcdwBPBgvb
Virgilio Culley,vculley92@ucsd.edu,tQx6IfO
Armand Saffon,asaffon93@php.net,F6SZ04k
Taite Crosen,tcrosen94@craigslist.org,5k0OG11
Kariotta Dyball,kdyball95@npr.org,QVcFSn
Candis Marrable,cmarrable96@vistaprint.com,LMQwlxu
Patrice St. Quintin,pst97@cornell.edu,N7bKfqg
Marigold Tatterton,mtatterton98@virginia.edu,M3TbXKPWa9
Dominique Blanc,dblanc99@deliciousdays.com,ogY4uZFvmwpG
Wanda Fetter,wfetter9a@cnet.com,NQJ1Rwlm
Harmon Portman,hportman9b@mediafire.com,JNBQmiB
Tanny Lillie,tlillie9c@foxnews.com,D90P4rWODY
Jaymie Tregido,jtregido9d@amazon.de,ri1gFnt38q
Haven Ewert,hewert9e@oaic.gov.au,idfD8G9zJB
Ernst Yakob,eyakob9f@economist.com,yutKyvq
Sibyl Lavin,slavin9g@marriott.com,ArmC9Gur
Evangelina Swanton,eswanton9h@thetimes.co.uk,gvikvQe
Ellary Fetters,efetters9i@yellowbook.com,JF6l5LvQW7
Benjamen Ride,bride9j@goo.gl,n9cFsIwP52ka
Loria Mateu,lmateu9k@altervista.org,B3sEQf
Kele Coyle,kcoyle9l@vinaora.com,aULfg5zJ3
Brooke Saintsbury,bsaintsbury9m@about.me,2Kk8Ot7NO
Jareb Marchbank,jmarchbank9n@plala.or.jp,t2rDTESf3ZV
Timi Stamp,tstamp9o@biglobe.ne.jp,teu0wDca0
Tarra Sinton,tsinton9p@umich.edu,uS5Ium
Jason Genney,jgenney9q@indiegogo.com,0uxljrZc6
Rip Scarse,rscarse9r@360.cn,IhTdtjO0wp
Ulrick Chorley,uchorley9s@stanford.edu,yYqQ8Bix
Courtnay Fender,cfender9t@example.com,qLTECBtZPwg
Leland Vardon,lvardon9u@salon.com,OWvdkcb0m
Maxim Crichmer,mcrichmer9v@behance.net,923HfjBL
Madelena Tomasian,mtomasian9w@fema.gov,ErDW7ar
Clemmy Sarge,csarge9x@indiatimes.com,oOlwWptLyEQ
Sharl McCorley,smccorley9y@about.me,ajx0q5Gyf96
Cherri Southcoat,csouthcoat9z@soup.io,4VB0Pe
Jules Frear,jfreara0@latimes.com,x4l1JdMlMBa
Riva Robiou,rrobioua1@flavors.me,DCgMOW
Fifi Jaine,fjainea2@microsoft.com,inTmbmn4U
Ingemar Malthus,imalthusa3@thetimes.co.uk,CLAdiTzp2lTX
Bogart Braunthal,bbraunthala4@shop-pro.jp,BmQdhfrtIR
Sayre Andrusyak,sandrusyaka5@blinklist.com,Uc8fP5i
Zaccaria Rosson,zrossona6@histats.com,7oT0YaA
Ciro Fruser,cfrusera7@ifeng.com,7W5vo7NN7ti
Beryl McCarney,bmccarneya8@jugem.jp,ZIL28adc
Cooper Rainard,crainarda9@house.gov,F3rpDiLiVDI
Jerrilee Tankard,jtankardaa@census.gov,fBeyWpclL2S
Jacquie de Lloyd,jdeab@miitbeian.gov.cn,j03gPV
Katinka Harverson,kharversonac@last.fm,8ijvdh
Carleen Bestiman,cbestimanad@unesco.org,jEcOs8tlV
Weylin Bloys,wbloysae@ustream.tv,NjFLbRgvqe
Moise Dunbabin,mdunbabinaf@cnbc.com,QiDlHZ
Saloma Blunsen,sblunsenag@rediff.com,Mc4poJuXgyhu
Allissa Kitteringham,akitteringhamah@booking.com,QDYxBKhc
Howard Maving,hmavingai@accuweather.com,wNWc9sBC1t
Cosetta Mackney,cmackneyaj@time.com,GblSMEo
Cletus Gell,cgellak@wikispaces.com,g8iQRatis1
Keene Roylance,kroylanceal@techcrunch.com,PbbvLTI
Mitzi Biernat,mbiernatam@unicef.org,koaSha2
Etienne Bewfield,ebewfieldan@slate.com,73cLj0vWh
Talia De la croix,tdeao@histats.com,52JRczgTE
Frants Bragg,fbraggap@bravesites.com,wxjq566UL
Odilia Dillingham,odillinghamaq@engadget.com,F2hJsx
Peterus Lipscombe,plipscombear@cpanel.net,yBhhQtvz3W
Tana Perks,tperksas@google.cn,2nQgoDBM2
Marisa Jelf,mjelfat@businesswire.com,5IO4cPcA4l
Cori Wrout,cwroutau@odnoklassniki.ru,nlcnw1mNl
Raymund Bassett,rbassettav@tripod.com,8vlWb2
Cointon Yelding,cyeldingaw@elpais.com,PekRsT1MZOgL
Egor Bowater,ebowaterax@google.de,dc26Ov91nUk
Amii Barmadier,abarmadieray@guardian.co.uk,bf0swOE5Nq
Brendis Swyne,bswyneaz@chron.com,9SATLcbx
Levy Elder,lelderb0@nhs.uk,nPQz3QMA3Y
Thedric Duddan,tduddanb1@illinois.edu,I0sT2y6
Alonso Insull,ainsullb2@buzzfeed.com,7kp7W7Qd
Celeste Scholard,cscholardb3@tinyurl.com,gdBJbH5
